head_node_label,head_node_attritute,r_type,r_attritube,tail_node_label,tail_node_attribute
district,name:'鄂城区',school,name:'幼儿园',幼儿园,"name:'育才幼儿园',address:'五里墩摩托车市场万福家园', task_id:'school'"
district,name:'鄂城区',school,name:'幼儿园',幼儿园,"name:'导航幼儿园',address:'建设街32', task_id:'school'"
district,name:'鄂城区',school,name:'幼儿园',幼儿园,"name:'睿博幼儿园',address:'五里墩中巷与花园北路交叉口东50米', task_id:'school'"
district,name:'鄂城区',school,name:'幼儿园',幼儿园,"name:'鄂州市育才幼儿园',address:'武昌大道119', task_id:'school'"
district,name:'鄂城区',school,name:'幼儿园',幼儿园,"name:'欢欢幼儿园',address:'文星紫轩小区三单元201/202', task_id:'school'"
district,name:'鄂城区',school,name:'幼儿园',幼儿园,"name:'青鸟·志德幼儿园',address:'南浦路133', task_id:'school'"
district,name:'鄂城区',school,name:'幼儿园',幼儿园,"name:'小燕子艺术幼儿园',address:'南塔街16', task_id:'school'"
district,name:'鄂城区',school,name:'幼儿园',幼儿园,"name:'宝韵音乐幼稚园',address:'明塘后路4-22', task_id:'school'"
district,name:'鄂城区',school,name:'幼儿园',幼儿园,"name:'程潮铁矿幼儿园',address:'铁矿九路8东北方向60米', task_id:'school'"
district,name:'鄂城区',school,name:'幼儿园',幼儿园,"name:'燕矶镇陶然艺术幼儿园',address:'燕矶大道118西北方向70米', task_id:'school'"
district,name:'鄂城区',school,name:'幼儿园',幼儿园,"name:'鄂城区沙窝中心幼儿园',address:'湖北省鄂州市鄂城区', task_id:'school'"
district,name:'鄂城区',school,name:'幼儿园',幼儿园,"name:'燕矶镇中心幼儿园',address:'燕矶镇燕矶街69号S112', task_id:'school'"
district,name:'鄂城区',school,name:'幼儿园',幼儿园,"name:'育苗幼儿园',address:'十字街41', task_id:'school'"
district,name:'鄂城区',school,name:'幼儿园',幼儿园,"name:'畅想幼儿园',address:'菜园头村1组', task_id:'school'"
district,name:'鄂城区',school,name:'幼儿园',幼儿园,"name:'泽林镇实验幼儿园',address:'江碧路686正东方向190米', task_id:'school'"
district,name:'鄂城区',school,name:'幼儿园',幼儿园,"name:'蕴福里幼儿园',address:'湖北省鄂州市鄂城区', task_id:'school'"
district,name:'鄂城区',school,name:'幼儿园',幼儿园,"name:'燕园幼儿园',address:'古肆南街6', task_id:'school'"
district,name:'鄂城区',school,name:'幼儿园',幼儿园,"name:'慧人幼儿园',address:'花园南路1号', task_id:'school'"
district,name:'鄂城区',school,name:'幼儿园',幼儿园,"name:'艾乐国际幼儿园',address:'驰恒之城079号西北方向190米', task_id:'school'"
district,name:'鄂城区',school,name:'幼儿园',幼儿园,"name:'驰恒幼儿园',address:'驰恒之城112号东北方向100米', task_id:'school'"
district,name:'鄂城区',school,name:'幼儿园',幼儿园,"name:'亿童贝贝幼儿园',address:'古城路169西南方向40米', task_id:'school'"
district,name:'鄂城区',school,name:'幼儿园',幼儿园,"name:'东方幼儿园',address:'五里墩汽车大市场正西方向100米', task_id:'school'"
district,name:'鄂城区',school,name:'幼儿园',幼儿园,"name:'鄂州市蒙台梭利国际幼儿园',address:'卧虎路与寿昌大道交叉口东北50米', task_id:'school'"
district,name:'鄂城区',school,name:'幼儿园',幼儿园,"name:'吴垴幼儿园',address:'湖北省鄂州市鄂城区', task_id:'school'"
district,name:'鄂城区',school,name:'幼儿园',幼儿园,"name:'亲亲幼儿园',address:'滨湖南路28-12', task_id:'school'"
district,name:'鄂城区',school,name:'幼儿园',幼儿园,"name:'鄂州市实验幼儿园',address:'十字街66', task_id:'school'"
district,name:'鄂城区',school,name:'幼儿园',幼儿园,"name:'诺贝尔幼儿园',address:'滨湖南路99', task_id:'school'"
district,name:'鄂城区',school,name:'幼儿园',幼儿园,"name:'红日幼儿园',address:'黄金山路26号', task_id:'school'"
district,name:'鄂城区',school,name:'幼儿园',幼儿园,"name:'中厚爱贝艺术幼儿园',address:'寿昌大道30', task_id:'school'"
district,name:'鄂城区',school,name:'幼儿园',幼儿园,"name:'朝阳幼儿园',address:'泽林镇泽银路中国农业银行东北50米', task_id:'school'"
district,name:'鄂城区',school,name:'幼儿园',幼儿园,"name:'飞鹅艺术幼儿园杜山园',address:'旭光大道81', task_id:'school'"
district,name:'鄂城区',school,name:'幼儿园',幼儿园,"name:'希望双语幼儿园',address:'桥文路36西南方向60米', task_id:'school'"
district,name:'鄂城区',school,name:'幼儿园',幼儿园,"name:'鄂州市体育艺术高中附属幼儿园',address:'建设路99号附近', task_id:'school'"
district,name:'鄂城区',school,name:'幼儿园',幼儿园,"name:'燕矶镇第一幼儿园',address:'燕矶大道888正北方向170米', task_id:'school'"
district,name:'鄂城区',school,name:'幼儿园',幼儿园,"name:'画苑艺术幼儿园',address:'寿昌大道与黄龙路交叉口西南100米', task_id:'school'"
district,name:'鄂城区',school,name:'幼儿园',幼儿园,"name:'新星幼儿园',address:'桥文路36西北方向50米', task_id:'school'"
district,name:'鄂城区',school,name:'幼儿园',幼儿园,"name:'沙窝幼儿园',address:'沙窝老街正北方向90米', task_id:'school'"
district,name:'鄂城区',school,name:'幼儿园',幼儿园,"name:'鄂州市金苹果幼儿园',address:'滨江花园A栋', task_id:'school'"
district,name:'鄂城区',school,name:'幼儿园',幼儿园,"name:'金种子幼儿园',address:'十字西街2', task_id:'school'"
district,name:'鄂城区',school,name:'幼儿园',幼儿园,"name:'晶鑫幼儿园',address:'五里墩中巷与花园北路交叉口东50米', task_id:'school'"
district,name:'鄂城区',school,name:'幼儿园',幼儿园,"name:'蓝精灵艺术幼儿园',address:'汀祖大道与迎宾大道交叉口西北100米', task_id:'school'"
district,name:'鄂城区',school,name:'幼儿园',幼儿园,"name:'尚佳幼儿园',address:'水一方小区', task_id:'school'"
district,name:'鄂城区',school,name:'幼儿园',幼儿园,"name:'恒运朝阳幼儿园',address:'西山街办塘角头村黄家边恒运花园小区1楼', task_id:'school'"
district,name:'鄂城区',school,name:'幼儿园',幼儿园,"name:'宝兴艺术幼儿园',address:'湖北省鄂州市鄂城区', task_id:'school'"
district,name:'鄂城区',school,name:'幼儿园',幼儿园,"name:'爱贝品牌幼稚园',address:'十字街26-4', task_id:'school'"
district,name:'鄂城区',school,name:'幼儿园',幼儿园,"name:'星童幼儿园',address:'明塘路64', task_id:'school'"
district,name:'鄂城区',school,name:'幼儿园',幼儿园,"name:'兴华艺术幼儿园',address:'高知秀园北巷1-2', task_id:'school'"
district,name:'鄂城区',school,name:'幼儿园',幼儿园,"name:'金宝幼儿园',address:'友谊路7-3', task_id:'school'"
district,name:'鄂城区',school,name:'幼儿园',幼儿园,"name:'博雅幼儿园',address:'古楼街46-7', task_id:'school'"
district,name:'鄂城区',school,name:'幼儿园',幼儿园,"name:'天欣幼儿园',address:'明塘路77', task_id:'school'"
district,name:'鄂城区',school,name:'幼儿园',幼儿园,"name:'鄂州贝乐幼儿园',address:'寿昌大道31-12', task_id:'school'"
district,name:'鄂城区',school,name:'幼儿园',幼儿园,"name:'鄂州市东方红幼儿园',address:'濠塘西巷11', task_id:'school'"
district,name:'鄂城区',school,name:'幼儿园',幼儿园,"name:'银河艺术幼儿园',address:'滨湖南路48-12', task_id:'school'"
district,name:'鄂城区',school,name:'幼儿园',幼儿园,"name:'清华优才国际幼儿园',address:'汇贤路22正南方向40米', task_id:'school'"
district,name:'鄂城区',school,name:'幼儿园',幼儿园,"name:'上上舫幼儿园',address:'花湖大道78-5', task_id:'school'"
district,name:'鄂城区',school,name:'幼儿园',幼儿园,"name:'陈桥幼儿园',address:'湖北省鄂州市鄂城区', task_id:'school'"
district,name:'鄂城区',school,name:'幼儿园',幼儿园,"name:'司徒中心幼儿园',address:'鄂东大道9号正东方向170米', task_id:'school'"
district,name:'鄂城区',school,name:'幼儿园',幼儿园,"name:'东方世纪幼稚园',address:'湖北省鄂州市鄂城区', task_id:'school'"
district,name:'鄂城区',school,name:'幼儿园',幼儿园,"name:'菁禾幼儿园',address:'滨湖西路110-36', task_id:'school'"
district,name:'鄂城区',school,name:'幼儿园',幼儿园,"name:'南塔幼儿园',address:'杨塆路3', task_id:'school'"
district,name:'鄂城区',school,name:'幼儿园',幼儿园,"name:'威格国际双语幼儿园',address:'民安路3', task_id:'school'"
district,name:'鄂城区',school,name:'幼儿园',幼儿园,"name:'大拇指双语幼儿园',address:'武昌大道394东升花园', task_id:'school'"
district,name:'鄂城区',school,name:'幼儿园',幼儿园,"name:'汀祖镇神州幼儿园',address:'迎宾大道91', task_id:'school'"
district,name:'鄂城区',school,name:'幼儿园',幼儿园,"name:'金童幼儿园',address:'邱家咀5', task_id:'school'"
district,name:'鄂城区',school,name:'幼儿园',幼儿园,"name:'昌盛艺术幼儿园',address:'鄂东大道1号', task_id:'school'"
district,name:'鄂城区',school,name:'幼儿园',幼儿园,"name:'蓝天娃幼儿园',address:'江碧路46-1', task_id:'school'"
district,name:'鄂城区',school,name:'幼儿园',幼儿园,"name:'碧石渡镇中心幼儿园',address:'江碧路796号', task_id:'school'"
district,name:'鄂城区',school,name:'幼儿园',幼儿园,"name:'矿机幼儿园',address:'江碧路716东南方向140米', task_id:'school'"
district,name:'鄂城区',school,name:'幼儿园',幼儿园,"name:'小神童幼儿园',address:'古楼街46号', task_id:'school'"
district,name:'鄂城区',school,name:'幼儿园',幼儿园,"name:'汀祖镇刘畈小学附属幼儿园',address:'刘畈村14组东南方向160米', task_id:'school'"
district,name:'鄂城区',school,name:'幼儿园',幼儿园,"name:'鄂州市第一幼儿园',address:'文星大道108', task_id:'school'"
district,name:'鄂城区',school,name:'幼儿园',幼儿园,"name:'中心幼儿园沙窝分园',address:'沙窝乡东南方向190米', task_id:'school'"
district,name:'鄂城区',school,name:'幼儿园',幼儿园,"name:'湖滨花园幼儿园',address:'官柳南路1', task_id:'school'"
district,name:'鄂城区',school,name:'幼儿园',幼儿园,"name:'聪明宝贝幼儿园',address:'湖北省鄂州市鄂城区', task_id:'school'"
district,name:'鄂城区',school,name:'幼儿园',幼儿园,"name:'金太阳艺术幼儿园',address:'鄂城大道10正南方向50米', task_id:'school'"
district,name:'鄂城区',school,name:'幼儿园',幼儿园,"name:'小天使国际幼儿园',address:'武昌大道466号附近', task_id:'school'"
district,name:'鄂城区',school,name:'幼儿园',幼儿园,"name:'小天使幼儿园',address:'高家巷39省冶建庙鹅岭小区', task_id:'school'"
district,name:'鄂城区',school,name:'幼儿园',幼儿园,"name:'太阳城堡幼儿园',address:'司徒路12-3正西方向90米', task_id:'school'"
district,name:'鄂城区',school,name:'幼儿园',幼儿园,"name:'爱贝兴萌幼儿园',address:'古城路与寿昌大道交叉口南150米', task_id:'school'"
district,name:'鄂城区',school,name:'幼儿园',幼儿园,"name:'杨叶镇团山幼儿园',address:'杨叶镇团山村十组', task_id:'school'"
district,name:'鄂城区',school,name:'幼儿园',幼儿园,"name:'华尔街幼儿园',address:'鄂城大道8东方华尔街', task_id:'school'"
district,name:'鄂城区',school,name:'幼儿园',幼儿园,"name:'安琪幼儿园',address:'滨湖西路137-1', task_id:'school'"
district,name:'鄂城区',school,name:'幼儿园',幼儿园,"name:'长港镇中心幼儿园',address:'湖北省鄂州市鄂城区', task_id:'school'"
district,name:'鄂城区',school,name:'幼儿园',幼儿园,"name:'泽林镇中心幼儿园',address:'江碧路523', task_id:'school'"
district,name:'鄂城区',school,name:'幼儿园',幼儿园,"name:'金太阳艺术幼儿园',address:'湖北省鄂州市鄂城区', task_id:'school'"
district,name:'鄂城区',school,name:'幼儿园',幼儿园,"name:'司徒村育才幼儿园',address:'司徒路21', task_id:'school'"
district,name:'鄂城区',school,name:'幼儿园',幼儿园,"name:'小神龙幼儿园',address:'凤凰街道武昌大道东升花园西门', task_id:'school'"
district,name:'鄂城区',school,name:'幼儿园',幼儿园,"name:'星欣幼稚园',address:'古楼街道庙鹅岭飞蛾社区旁', task_id:'school'"
district,name:'鄂城区',school,name:'幼儿园',幼儿园,"name:'益智幼儿园',address:'鄂东大道181号东北方向160米', task_id:'school'"
district,name:'鄂城区',school,name:'幼儿园',幼儿园,"name:'小博士幼儿园',address:'十字西街17-23', task_id:'school'"
district,name:'鄂城区',school,name:'幼儿园',幼儿园,"name:'好好双语艺术幼儿园',address:'石山中学对面', task_id:'school'"
district,name:'鄂城区',school,name:'幼儿园',幼儿园,"name:'小天才幼儿园',address:'凤凰街道祝家湾路特6号', task_id:'school'"
district,name:'鄂城区',school,name:'幼儿园',幼儿园,"name:'启智畅想幼稚园',address:'凤凰路26', task_id:'school'"
district,name:'鄂城区',school,name:'幼儿园',幼儿园,"name:'东方瑞城幼儿园',address:'湖北省鄂州市鄂城区', task_id:'school'"
district,name:'鄂城区',school,name:'幼儿园',幼儿园,"name:'童心幼儿园',address:'凤凰路9-10', task_id:'school'"
district,name:'鄂城区',school,name:'幼儿园',幼儿园,"name:'启蒙幼稚园',address:'桥文路21号', task_id:'school'"
district,name:'鄂城区',school,name:'幼儿园',幼儿园,"name:'爱贝艺术幼儿园',address:'吴都星座2栋小区内', task_id:'school'"
district,name:'鄂城区',school,name:'幼儿园',幼儿园,"name:'晶晶艺术幼儿园',address:'红枫佳园1楼商铺正西方向140米', task_id:'school'"
district,name:'鄂城区',school,name:'幼儿园',幼儿园,"name:'艾奇妙幼儿园',address:'官柳小区附11-1', task_id:'school'"
district,name:'鄂城区',school,name:'幼儿园',幼儿园,"name:'竹林广场幼儿园',address:'竹林广场商铺3-12', task_id:'school'"
district,name:'鄂城区',school,name:'幼儿园',幼儿园,"name:'希望幼儿园',address:'樊川大道41-3东南方向140米', task_id:'school'"
district,name:'鄂城区',school,name:'幼儿园',幼儿园,"name:'锐思幼儿园',address:'长江天下商业街1-A24', task_id:'school'"
district,name:'鄂城区',school,name:'幼儿园',幼儿园,"name:'阮湾幼儿园',address:'湖北省鄂州市鄂城区', task_id:'school'"
district,name:'鄂城区',school,name:'幼儿园',幼儿园,"name:'鄂州市第二幼儿园',address:'滨湖南路89正东方向130米', task_id:'school'"
district,name:'鄂城区',school,name:'幼儿园',幼儿园,"name:'花湖镇中心幼儿园',address:'花湖食品所92东南方向80米', task_id:'school'"
district,name:'鄂城区',school,name:'幼儿园',幼儿园,"name:'香港艾乐幼儿园',address:'江碧路678正北方向180米', task_id:'school'"
district,name:'鄂城区',school,name:'幼儿园',幼儿园,"name:'彩虹树幼儿园',address:'花湖开发区杭州路蕴福里锦城1号楼1~3号正东方向100米', task_id:'school'"
district,name:'鄂城区',school,name:'幼儿园',幼儿园,"name:'群星幼儿园',address:'何家湾北巷2-59', task_id:'school'"
district,name:'鄂城区',school,name:'幼儿园',幼儿园,"name:'杨叶一幼',address:'杨叶镇东北方向140米', task_id:'school'"
district,name:'鄂城区',school,name:'幼儿园',幼儿园,"name:'蓝天艺术幼儿园',address:'文星大道73号', task_id:'school'"
district,name:'鄂城区',school,name:'幼儿园',幼儿园,"name:'喜洋洋艺术幼儿园',address:'飞鹅建材市场438', task_id:'school'"
district,name:'鄂城区',school,name:'幼儿园',幼儿园,"name:'花朵童年幼儿园',address:'花湖大道78-4西南方向100米', task_id:'school'"
district,name:'鄂城区',school,name:'幼儿园',幼儿园,"name:'平石村育苗幼儿园',address:'湖北省鄂州市鄂城区', task_id:'school'"
district,name:'鄂城区',school,name:'幼儿园',幼儿园,"name:'茅草红苹果幼儿园',address:'鄂东大道51-17', task_id:'school'"
district,name:'鄂城区',school,name:'幼儿园',幼儿园,"name:'福娃幼儿园',address:'公园路10正东方向100米', task_id:'school'"
district,name:'鄂城区',school,name:'幼儿园',幼儿园,"name:'天翔幼儿园',address:'官柳南路6-2', task_id:'school'"
district,name:'鄂城区',school,name:'幼儿园',幼儿园,"name:'凤凰中心幼儿园',address:'古城路177号', task_id:'school'"
district,name:'鄂城区',school,name:'幼儿园',幼儿园,"name:'智慧星艺术幼儿园',address:'建设路杜山镇卫生院东北300米', task_id:'school'"
district,name:'鄂城区',school,name:'幼儿园',幼儿园,"name:'奇卡快乐宝贝幼儿园',address:'环湖路甲1号', task_id:'school'"
district,name:'鄂城区',school,name:'幼儿园',幼儿园,"name:'碧石渡镇实验幼儿园',address:'碧黄路13正东方向110米', task_id:'school'"
district,name:'鄂城区',school,name:'幼儿园',幼儿园,"name:'哈福幼儿园',address:'丰润园27栋', task_id:'school'"
district,name:'鄂城区',school,name:'幼儿园',幼儿园,"name:'鄂州莲花山童蒙幼儿园',address:'凤凰路76', task_id:'school'"
district,name:'鄂城区',school,name:'幼儿园',幼儿园,"name:'武汉童趣幼儿园',address:'东塔路23号', task_id:'school'"
district,name:'鄂城区',school,name:'幼儿园',幼儿园,"name:'童乐幼儿园',address:'菜园头村六组胡家墩', task_id:'school'"
district,name:'鄂城区',school,name:'幼儿园',幼儿园,"name:'阳光宝贝艺术幼儿园',address:'泽翁路福盛花园内', task_id:'school'"
district,name:'鄂城区',school,name:'幼儿园',幼儿园,"name:'手拉手艺术幼儿园',address:'濠塘东巷好旺阁东南', task_id:'school'"
district,name:'鄂城区',school,name:'幼儿园',幼儿园,"name:'新蓝天幼儿园',address:'旭光大道程操小区南200米', task_id:'school'"
district,name:'鄂城区',school,name:'幼儿园',幼儿园,"name:'彩虹树第二幼儿园',address:'湖北省鄂州市鄂城区', task_id:'school'"
district,name:'鄂城区',school,name:'幼儿园',幼儿园,"name:'清华艺术幼儿园',address:'鄂东大道48号', task_id:'school'"
district,name:'鄂城区',school,name:'幼儿园',幼儿园,"name:'鄂州市粮食局幼儿园',address:'古楼街13', task_id:'school'"
district,name:'鄂城区',school,name:'幼儿园',幼儿园,"name:'金太阳艺术幼儿园',address:'百子西街44', task_id:'school'"
district,name:'鄂城区',school,name:'幼儿园',幼儿园,"name:'七彩幼儿园',address:'杨叶大道鄂州市杨叶镇政府', task_id:'school'"
district,name:'鄂城区',school,name:'幼儿园',幼儿园,"name:'爱宝贝艺术幼儿园',address:'古城路89号', task_id:'school'"
district,name:'鄂城区',school,name:'小学',小学,"name:'鄂州经济开发区范墩小学',address:'范家大湾356', task_id:'school'"
district,name:'鄂城区',school,name:'小学',小学,"name:'鄂州市雷山学校',address:'武昌大道135', task_id:'school'"
district,name:'鄂城区',school,name:'小学',小学,"name:'西山街办梁新屋小学',address:'梁华路北21', task_id:'school'"
district,name:'鄂城区',school,name:'小学',小学,"name:'李边小学',address:'碧黄路78正西方向100米', task_id:'school'"
district,name:'鄂城区',school,name:'小学',小学,"name:'鼓楼小学',address:'邬家巷8号', task_id:'school'"
district,name:'鄂城区',school,name:'小学',小学,"name:'鄂州市明塘小学',address:'明塘路45', task_id:'school'"
district,name:'鄂城区',school,name:'小学',小学,"name:'将军小学',address:'新庙镇将军村3组', task_id:'school'"
district,name:'鄂城区',school,name:'小学',小学,"name:'钮墩小学',address:'钮家墩61', task_id:'school'"
district,name:'鄂城区',school,name:'小学',小学,"name:'花湖镇东庙教学点',address:'湖北省鄂州市鄂城区', task_id:'school'"
district,name:'鄂城区',school,name:'小学',小学,"name:'黄山小学',address:'沙窝乡黄山村委会', task_id:'school'"
district,name:'鄂城区',school,name:'小学',小学,"name:'先台小学',address:'湖北省鄂州市鄂城区', task_id:'school'"
district,name:'鄂城区',school,name:'小学',小学,"name:'古塘小学',address:'古塘村九组', task_id:'school'"
district,name:'鄂城区',school,name:'小学',小学,"name:'茅草小学',address:'鄂东大道鸿硕置业有限公司正南方向90米', task_id:'school'"
district,name:'鄂城区',school,name:'小学',小学,"name:'泽林镇涂桥第二小学',address:'大程潮', task_id:'school'"
district,name:'鄂城区',school,name:'小学',小学,"name:'成海小学',address:'江海路26', task_id:'school'"
district,name:'鄂城区',school,name:'小学',小学,"name:'建新小学',address:'湖北省鄂州市鄂城区', task_id:'school'"
district,name:'鄂城区',school,name:'小学',小学,"name:'鄂州经济开发区周铺小学',address:'寿昌西路83', task_id:'school'"
district,name:'鄂城区',school,name:'小学',小学,"name:'鄂州市东方红小学',address:'明塘路79号', task_id:'school'"
district,name:'鄂城区',school,name:'小学',小学,"name:'黄咀小学',address:'江碧路577', task_id:'school'"
district,name:'鄂城区',school,name:'小学',小学,"name:'渔坝小学',address:'渔坝村', task_id:'school'"
district,name:'鄂城区',school,name:'小学',小学,"name:'汀祖镇神州小学',address:'迎宾大道91', task_id:'school'"
district,name:'鄂城区',school,name:'小学',小学,"name:'西山街道华光小学',address:'西山街办华光村村委会', task_id:'school'"
district,name:'鄂城区',school,name:'小学',小学,"name:'凤凰街道中心学校',address:'古城路177-1', task_id:'school'"
district,name:'鄂城区',school,name:'小学',小学,"name:'新民街小学',address:'沿江大道276', task_id:'school'"
district,name:'鄂城区',school,name:'小学',小学,"name:'鄂州市吴都小学',address:'江家东巷12', task_id:'school'"
district,name:'鄂城区',school,name:'小学',小学,"name:'司徒小学',address:'滨湖东路8', task_id:'school'"
district,name:'鄂城区',school,name:'小学',小学,"name:'塔桥小学',address:'湖北省鄂州市鄂城区', task_id:'school'"
district,name:'鄂城区',school,name:'小学',小学,"name:'鄂州市樊口中心小学',address:'樊川大道29', task_id:'school'"
district,name:'鄂城区',school,name:'小学',小学,"name:'汀祖镇王寿小学',address:'汀祖镇王寿村', task_id:'school'"
district,name:'鄂城区',school,name:'小学',小学,"name:'丁坳小学',address:'湖北省鄂州市鄂城区', task_id:'school'"
district,name:'鄂城区',school,name:'小学',小学,"name:'燕矶镇车湖小学',address:'燕黄路321', task_id:'school'"
district,name:'鄂城区',school,name:'小学',小学,"name:'汀祖镇董胜小学',address:'董胜村四组', task_id:'school'"
district,name:'鄂城区',school,name:'小学',小学,"name:'蒲团乡周屴小学',address:'四海大道87号', task_id:'school'"
district,name:'鄂城区',school,name:'小学',小学,"name:'鄂州市实验小学',address:'汇贤路30', task_id:'school'"
district,name:'鄂城区',school,name:'小学',小学,"name:'凤凰街道莲花小学',address:'文苑路5', task_id:'school'"
district,name:'鄂城区',school,name:'小学',小学,"name:'鄂州市亚太小学',address:'古城路64', task_id:'school'"
district,name:'鄂城区',school,name:'小学',小学,"name:'石桥小学',address:'石桥村大刘福247号', task_id:'school'"
district,name:'鄂城区',school,name:'小学',小学,"name:'文塘小学',address:'桥文路29', task_id:'school'"
district,name:'鄂城区',school,name:'小学',小学,"name:'洪山小学',address:'洪山村柿树下', task_id:'school'"
district,name:'鄂城区',school,name:'小学',小学,"name:'车湖学校',address:'湖北省鄂州市鄂城区', task_id:'school'"
district,name:'鄂城区',school,name:'小学',小学,"name:'夏沟小学',address:'长港镇滨港大道147号正东方向196米', task_id:'school'"
district,name:'鄂城区',school,name:'小学',小学,"name:'汀祖镇刘畈小学',address:'刘畈村14组东南方向160米', task_id:'school'"
district,name:'鄂城区',school,name:'小学',小学,"name:'草陂小学',address:'湖北省鄂州市鄂城区', task_id:'school'"
district,name:'鄂城区',school,name:'小学',小学,"name:'杨叶镇中心学校',address:'杨叶镇正东方向120米', task_id:'school'"
district,name:'鄂城区',school,name:'小学',小学,"name:'卢家湾小学',address:'湖北省鄂州市鄂城区', task_id:'school'"
district,name:'鄂城区',school,name:'小学',小学,"name:'西山小学',address:'武昌大道243', task_id:'school'"
district,name:'鄂城区',school,name:'小学',小学,"name:'花湖镇永华教学点',address:'湖北省鄂州市鄂城区', task_id:'school'"
district,name:'鄂城区',school,name:'小学',小学,"name:'汀祖镇吴垴小学',address:'汀祖镇吴垴村', task_id:'school'"
district,name:'鄂城区',school,name:'小学',小学,"name:'汀祖镇张祖小学',address:'湖北省鄂州市鄂城区', task_id:'school'"
district,name:'鄂城区',school,name:'小学',小学,"name:'南塔小学',address:'南塔街15', task_id:'school'"
district,name:'鄂城区',school,name:'小学',小学,"name:'泽林实验小学',address:'泽银路9', task_id:'school'"
district,name:'鄂城区',school,name:'小学',小学,"name:'汀祖镇桂花小学',address:'桂花村9组', task_id:'school'"
district,name:'鄂城区',school,name:'小学',小学,"name:'团山小学',address:'杨叶镇团山村十组', task_id:'school'"
district,name:'鄂城区',school,name:'小学',小学,"name:'小桥小学',address:'黄金山路19', task_id:'school'"
district,name:'鄂城区',school,name:'小学',小学,"name:'庙鹅岭小学',address:'方家巷8', task_id:'school'"
district,name:'鄂城区',school,name:'小学',小学,"name:'新塆小学',address:'新湾村', task_id:'school'"
district,name:'鄂城区',school,name:'小学',小学,"name:'寿桥小学',address:'寿桥村西南方向50米', task_id:'school'"
district,name:'鄂城区',school,name:'小学',小学,"name:'七里界中心小学',address:'昌林路19', task_id:'school'"
district,name:'鄂城区',school,name:'小学',小学,"name:'杜山镇旭东中心小学',address:'杜山镇旭东村委会', task_id:'school'"
district,name:'鄂城区',school,name:'小学',小学,"name:'凤凰街道百子畈小学',address:'西子正街6', task_id:'school'"
district,name:'鄂城区',school,name:'小学',小学,"name:'李境小学',address:'湖北省鄂州市鄂城区', task_id:'school'"
district,name:'鄂城区',school,name:'小学',小学,"name:'池湖小学',address:'鄂东大道181号', task_id:'school'"
district,name:'鄂城区',school,name:'小学',小学,"name:'沙窝小学',address:'湖北省鄂州市鄂城区', task_id:'school'"
district,name:'鄂城区',school,name:'小学',小学,"name:'东港小学',address:'湖北省鄂州市鄂城区', task_id:'school'"
district,name:'鄂城区',school,name:'小学',小学,"name:'古楼街道东城小学',address:'古城路3号', task_id:'school'"
district,name:'鄂城区',school,name:'小学',小学,"name:'花湖镇阮湾小学',address:'湖北省鄂州市鄂城区', task_id:'school'"
district,name:'鄂城区',school,name:'小学',小学,"name:'水月学校',address:'港畈垅82', task_id:'school'"
district,name:'鄂城区',school,name:'小学',小学,"name:'新民街小学东校区',address:'凤凰路42', task_id:'school'"
district,name:'鄂城区',school,name:'小学',小学,"name:'新庙镇洪港小学',address:'新庙镇洪港村八组', task_id:'school'"
district,name:'鄂城区',school,name:'小学',小学,"name:'龙山小学',address:'龙山村9组', task_id:'school'"
district,name:'鄂城区',school,name:'小学',小学,"name:'鄂州市官柳小学',address:'官柳42栋旁', task_id:'school'"
district,name:'鄂城区',school,name:'小学',小学,"name:'花湖镇刘钊小学',address:'花湖镇刘钊村', task_id:'school'"
district,name:'鄂城区',school,name:'小学',小学,"name:'燕矶中心小学',address:'洪山路77', task_id:'school'"
district,name:'鄂城区',school,name:'小学',小学,"name:'英山小学',address:'学苑路3', task_id:'school'"
district,name:'鄂城区',school,name:'小学',小学,"name:'五里墩小学',address:'五里墩中巷23号', task_id:'school'"
district,name:'鄂城区',school,name:'小学',小学,"name:'凤凰街道菜园头小学',address:'武昌大道396-12正南方向130米', task_id:'school'"
district,name:'鄂城区',school,name:'小学',小学,"name:'杜沟小学',address:'杜沟路10', task_id:'school'"
district,name:'鄂城区',school,name:'小学',小学,"name:'峒山小学',address:'长港镇峒山村', task_id:'school'"
district,name:'鄂城区',school,name:'小学',小学,"name:'银山小学',address:'银山村', task_id:'school'"
district,name:'鄂城区',school,name:'小学',小学,"name:'汀祖镇刘云小学',address:'汀祖镇董胜村', task_id:'school'"
district,name:'鄂城区',school,name:'小学',小学,"name:'凤凰学校',address:'湖北省鄂州市鄂城区', task_id:'school'"
district,name:'鄂城区',school,name:'小学',小学,"name:'楼下小学',address:'和谐大道与江碧路交叉口西北100米', task_id:'school'"
district,name:'鄂城区',school,name:'小学',小学,"name:'王边小学',address:'汀祖镇王边村包模谢七组', task_id:'school'"
district,name:'鄂城区',school,name:'小学',小学,"name:'沙塘学校',address:'燕矶镇沙塘村委会', task_id:'school'"
district,name:'鄂城区',school,name:'小学',小学,"name:'塘角头小学',address:'西山街办塘角头村万家湾053号旁', task_id:'school'"
district,name:'鄂城区',school,name:'小学',小学,"name:'翁垴小学',address:'泽翁路6', task_id:'school'"
district,name:'鄂城区',school,name:'小学',小学,"name:'金盆小学',address:'碧石镇金盆村', task_id:'school'"
district,name:'鄂城区',school,name:'小学',小学,"name:'白龙小学',address:'花湖镇白龙村', task_id:'school'"
district,name:'鄂城区',school,name:'小学',小学,"name:'路牌小学',address:'湖北省鄂州市鄂城区', task_id:'school'"
district,name:'鄂城区',school,name:'小学',小学,"name:'花湖镇华山小学',address:'华山村143号', task_id:'school'"
district,name:'鄂城区',school,name:'小学',小学,"name:'坝角小学',address:'张坝角86', task_id:'school'"
district,name:'鄂城区',school,name:'小学',小学,"name:'鄂州市洋澜小学',address:'古城路177', task_id:'school'"
district,name:'鄂城区',school,name:'小学',小学,"name:'鄂州经济开发区得胜小学',address:'史家墩1', task_id:'school'"
district,name:'鄂城区',school,name:'小学',小学,"name:'团结小学',address:'团结村', task_id:'school'"
district,name:'鄂城区',school,name:'中学',中学,"name:'鄂州市吴都中学',address:'寿昌大道46号', task_id:'school'"
district,name:'鄂城区',school,name:'中学',中学,"name:'杨叶中学',address:'杨叶大道142号', task_id:'school'"
district,name:'鄂城区',school,name:'中学',中学,"name:'杜山镇旭光中学',address:'旭光大道142', task_id:'school'"
district,name:'鄂城区',school,name:'中学',中学,"name:'鄂城区泉塘初级中学',address:'刘畈村14组东南方向160米', task_id:'school'"
district,name:'鄂城区',school,name:'中学',中学,"name:'鄂州高中',address:'滨湖南路特1号', task_id:'school'"
district,name:'鄂城区',school,name:'中学',中学,"name:'泽林中学',address:'湖北省鄂州市鄂城区', task_id:'school'"
district,name:'鄂城区',school,name:'中学',中学,"name:'鄂州实验中学',address:'古城路42', task_id:'school'"
district,name:'鄂城区',school,name:'中学',中学,"name:'汀祖中学',address:'创业大道37', task_id:'school'"
district,name:'鄂城区',school,name:'中学',中学,"name:'燕矶中学',address:'燕矶街73', task_id:'school'"
district,name:'鄂城区',school,name:'中学',中学,"name:'鄂州市花园学校',address:'滨湖西路123', task_id:'school'"
district,name:'鄂城区',school,name:'中学',中学,"name:'鄂州市石山中学',address:'滨湖南路1', task_id:'school'"
district,name:'鄂城区',school,name:'中学',中学,"name:'鄂州四中',address:'官柳北路8号', task_id:'school'"
district,name:'鄂城区',school,name:'中学',中学,"name:'泽林镇程潮中学',address:'兴业大道59号', task_id:'school'"
district,name:'鄂城区',school,name:'中学',中学,"name:'鄂城区花湖中学',address:'花湖镇永华村', task_id:'school'"
district,name:'鄂城区',school,name:'中学',中学,"name:'鄂州市鄂城秋林高级中学',address:'创业大道36', task_id:'school'"
district,name:'鄂城区',school,name:'中学',中学,"name:'鄂州田家炳中学',address:'古城路96', task_id:'school'"
district,name:'鄂城区',school,name:'中学',中学,"name:'洋泽中学',address:'泽杜路60', task_id:'school'"
district,name:'鄂城区',school,name:'中学',中学,"name:'碧石中学',address:'碧黄路78', task_id:'school'"
district,name:'鄂城区',school,name:'中学',中学,"name:'樊口中学',address:'民主路9', task_id:'school'"
district,name:'鄂城区',school,name:'中学',中学,"name:'鄂州市第三中学',address:'江碧路46号', task_id:'school'"
district,name:'鄂城区',school,name:'中学',中学,"name:'鄂州市第九中学',address:'武昌大道198', task_id:'school'"
district,name:'鄂城区',school,name:'中学',中学,"name:'鄂州市第五中学',address:'百子西街8', task_id:'school'"
district,name:'鄂城区',school,name:'中学',中学,"name:'鄂州市鄂东高级中学',address:'莲花路9', task_id:'school'"
district,name:'鄂城区',school,name:'中学',中学,"name:'鄂州市程潮铁矿学校',address:'铁矿九路8', task_id:'school'"
district,name:'鄂城区',school,name:'中学',中学,"name:'黄山中学',address:'湖北省鄂州市鄂城区', task_id:'school'"
district,name:'鄂城区',school,name:'中学',中学,"name:'泉塘中学',address:'汀祖镇刘畈村', task_id:'school'"
district,name:'鄂城区',school,name:'中学',中学,"name:'长港中学',address:'学苑路1号', task_id:'school'"
district,name:'鄂城区',school,name:'中学',中学,"name:'鄂城区新庙中学',address:'桥文路27', task_id:'school'"
district,name:'鄂城区',school,name:'中学',中学,"name:'花湖镇中心学校',address:'南京路6东北方向150米', task_id:'school'"
district,name:'鄂城区',school,name:'中学',中学,"name:'映山中学',address:'燕沙路99', task_id:'school'"
district,name:'鄂城区',school,name:'中学',中学,"name:'鄂城区泽林高级中学',address:'江碧路680', task_id:'school'"
district,name:'鄂城区',school,name:'中学',中学,"name:'鄂州市第二中学',address:'樊川大道66', task_id:'school'"
district,name:'鄂城区',school,name:'中学',中学,"name:'湖北鄂州私立华森中学',address:'司徒路10', task_id:'school'"
district,name:'鄂城区',school,name:'中学',中学,"name:'鄂州市第一中学',address:'南浦路127号', task_id:'school'"
district,name:'鄂城区',school,name:'中专',中专,"name:'湖北省现代技术学校鄂州校区',address:'桂花园巷1', task_id:'school'"
district,name:'鄂城区',school,name:'中专',中专,"name:'鄂州市矿机学校',address:'矿矶北路2', task_id:'school'"
district,name:'鄂城区',school,name:'中专',中专,"name:'湖北省鄂州中等专业学校',address:'湖北省鄂州市鄂城区', task_id:'school'"
district,name:'鄂城区',school,name:'中专',中专,"name:'鄂州中等专业学校',address:'凤凰路42', task_id:'school'"
district,name:'鄂城区',school,name:'中专',中专,"name:'武汉铁路职业技术学院中专部',address:'鄂东大道195号', task_id:'school'"
district,name:'鄂城区',school,name:'中专',中专,"name:'鄂州市技工学校',address:'凤凰路67', task_id:'school'"
district,name:'鄂城区',school,name:'中专',中专,"name:'湖北前程交通职业技术学校',address:'鄂东大道326号', task_id:'school'"
district,name:'鄂城区',school,name:'中专',中专,"name:'鄂州市体育艺术职业高级中学',address:'建设路99号附近', task_id:'school'"
district,name:'鄂城区',school,name:'中专',中专,"name:'武汉铁路职业技术学院鄂州校区',address:'鄂东大道326号', task_id:'school'"
district,name:'鄂城区',school,name:'中专',中专,"name:'鄂州职业大学中职学院',address:'凤凰路67', task_id:'school'"
district,name:'鄂城区',school,name:'大专院校',大专院校,"name:'鄂州职业大学',address:'鄂州市凤凰路77号', task_id:'school'"
district,name:'鄂城区',school,name:'大专院校',大专院校,"name:'鄂州职业大学西校区',address:'鄂州市凤凰路67', task_id:'school'"
district,name:'鄂城区',school,name:'驾校',驾校,"name:'大兴驾校',address:'湖北省鄂州市鄂城区', task_id:'school'"
district,name:'鄂城区',school,name:'驾校',驾校,"name:'安顺驾校',address:'江碧路315号正西方向190米', task_id:'school'"
district,name:'鄂城区',school,name:'驾校',驾校,"name:'吉安驾校',address:'官柳南路1', task_id:'school'"
district,name:'鄂城区',school,name:'驾校',驾校,"name:'鄂州市荣华驾驶员培训学校',address:'鄂东大道45正西方向20米', task_id:'school'"
district,name:'鄂城区',school,name:'驾校',驾校,"name:'万达驾校',address:'桂花园巷1正北方向180米', task_id:'school'"
district,name:'鄂城区',school,name:'驾校',驾校,"name:'寒溪驾校',address:'沿江大道19正西方向140米', task_id:'school'"
district,name:'鄂城区',school,name:'驾校',驾校,"name:'黄浦驾校',address:'滨湖西路特2号东北方向120米', task_id:'school'"
district,name:'鄂城区',school,name:'驾校',驾校,"name:'寒溪驾校',address:'江碧路734西北方向150米', task_id:'school'"
district,name:'鄂城区',school,name:'驾校',驾校,"name:'鄂州汽校',address:'鄂东大道53', task_id:'school'"
district,name:'鄂城区',school,name:'驾校',驾校,"name:'鄂州市安顺驾校',address:'明塘路61号', task_id:'school'"
district,name:'鄂城区',school,name:'驾校',驾校,"name:'荣华驾校余山下分校',address:'湖北省鄂州市鄂城区', task_id:'school'"
district,name:'鄂城区',school,name:'党校',党校,"name:'中共鄂州市委党校',address:'滨湖南路96', task_id:'school'"
district,name:'华容区',school,name:'幼儿园',幼儿园,"name:'大风车艺术幼儿园',address:'湖北省鄂州市华容区', task_id:'school'"
district,name:'华容区',school,name:'幼儿园',幼儿园,"name:'童心幼儿园',address:'湖北省鄂州市华容区', task_id:'school'"
district,name:'华容区',school,name:'幼儿园',幼儿园,"name:'金蓓蕾双语幼儿园',address:'湖北省鄂州市华容区', task_id:'school'"
district,name:'华容区',school,name:'幼儿园',幼儿园,"name:'七彩贝幼儿园',address:'葛店开发区葛洪大道138号百信购物广厂后面', task_id:'school'"
district,name:'华容区',school,name:'幼儿园',幼儿园,"name:'华容镇华容幼儿园',address:'湖北省鄂州市华容区', task_id:'school'"
district,name:'华容区',school,name:'幼儿园',幼儿园,"name:'横山社区幼儿园',address:'横山中心小学', task_id:'school'"
district,name:'华容区',school,name:'幼儿园',幼儿园,"name:'华容实验幼儿园',address:'湖北省鄂州市华容区', task_id:'school'"
district,name:'华容区',school,name:'幼儿园',幼儿园,"name:'金色童年幼儿园',address:'华新街125', task_id:'school'"
district,name:'华容区',school,name:'幼儿园',幼儿园,"name:'蓝天幼儿园',address:'湖北省鄂州市华容区', task_id:'school'"
district,name:'华容区',school,name:'幼儿园',幼儿园,"name:'花朵童年幼儿园',address:'湖北省鄂州市华容区', task_id:'school'"
district,name:'华容区',school,name:'幼儿园',幼儿园,"name:'红莲湖金苹果艺术幼儿园',address:'便民路与庙岭互通交叉口西南100米', task_id:'school'"
district,name:'华容区',school,name:'幼儿园',幼儿园,"name:'乐贝幼儿园',address:'湖北省鄂州市华容区', task_id:'school'"
district,name:'华容区',school,name:'幼儿园',幼儿园,"name:'剑桥国际双语幼儿园',address:'楚藩大道376光谷桂花城', task_id:'school'"
district,name:'华容区',school,name:'幼儿园',幼儿园,"name:'蒲团乡中心幼儿园',address:'蒲团乡沪渝高速公路横山中心小学', task_id:'school'"
district,name:'华容区',school,name:'幼儿园',幼儿园,"name:'安心幼儿园',address:'临江大道江康药店', task_id:'school'"
district,name:'华容区',school,name:'幼儿园',幼儿园,"name:'临江乡中心幼儿园',address:'临江大道136', task_id:'school'"
district,name:'华容区',school,name:'幼儿园',幼儿园,"name:'蒲团成长幼儿园',address:'蒲团乡小庙村村委会', task_id:'school'"
district,name:'华容区',school,name:'幼儿园',幼儿园,"name:'贝星双语幼儿园',address:'湖北省鄂州市华容区', task_id:'school'"
district,name:'华容区',school,name:'幼儿园',幼儿园,"name:'金色阳光幼儿园',address:'湖北省鄂州市华容区', task_id:'school'"
district,name:'华容区',school,name:'幼儿园',幼儿园,"name:'红莲湖新世纪双语幼儿园',address:'庙岭村脉岭西街69', task_id:'school'"
district,name:'华容区',school,name:'幼儿园',幼儿园,"name:'新苗幼儿园',address:'湖北省鄂州市华容区', task_id:'school'"
district,name:'华容区',school,name:'幼儿园',幼儿园,"name:'灵苗幼儿园',address:'康源路45东南方向10米', task_id:'school'"
district,name:'华容区',school,name:'幼儿园',幼儿园,"name:'启慧特色幼儿园',address:'庙岭互通与G50沪渝高速交叉口西南100米', task_id:'school'"
district,name:'华容区',school,name:'幼儿园',幼儿园,"name:'优贝艺术幼儿园',address:'湖北省鄂州市华容区', task_id:'school'"
district,name:'华容区',school,name:'幼儿园',幼儿园,"name:'花田国际幼儿园',address:'葛店镇葛洪大道220号旁', task_id:'school'"
district,name:'华容区',school,name:'幼儿园',幼儿园,"name:'博雅特色幼儿园',address:'湖北省鄂州市华容区', task_id:'school'"
district,name:'华容区',school,name:'幼儿园',幼儿园,"name:'永乐幼儿园',address:'葛洪大道847', task_id:'school'"
district,name:'华容区',school,name:'幼儿园',幼儿园,"name:'未来星幼儿园',address:'聚贤路21东南方向150米', task_id:'school'"
district,name:'华容区',school,name:'幼儿园',幼儿园,"name:'黄矶幼儿园',address:'湖北省鄂州市华容区', task_id:'school'"
district,name:'华容区',school,name:'幼儿园',幼儿园,"name:'未来星幼儿园',address:'华容镇龙华路乐易购超市南100米', task_id:'school'"
district,name:'华容区',school,name:'幼儿园',幼儿园,"name:'金太阳幼儿园',address:'车站路147', task_id:'school'"
district,name:'华容区',school,name:'幼儿园',幼儿园,"name:'好娃娃幼儿园',address:'民主巷3', task_id:'school'"
district,name:'华容区',school,name:'幼儿园',幼儿园,"name:'红蜻蜓幼儿园',address:'葛店镇大湾社区68栋', task_id:'school'"
district,name:'华容区',school,name:'幼儿园',幼儿园,"name:'华容镇宝贝天空幼儿园',address:'湖北省鄂州市华容区', task_id:'school'"
district,name:'华容区',school,name:'幼儿园',幼儿园,"name:'葛店开发区华大天童翰林幼儿园',address:'康源路翰林华府小区西门正南方向140米', task_id:'school'"
district,name:'华容区',school,name:'幼儿园',幼儿园,"name:'小星星幼儿园',address:'湖北省鄂州市华容区', task_id:'school'"
district,name:'华容区',school,name:'幼儿园',幼儿园,"name:'朗朗幼儿园',address:'湖北省鄂州市华容区', task_id:'school'"
district,name:'华容区',school,name:'幼儿园',幼儿园,"name:'楚藩幼儿园',address:'楚藩大道161号', task_id:'school'"
district,name:'华容区',school,name:'幼儿园',幼儿园,"name:'华容镇阳光幼儿园',address:'湖北省鄂州市华容区', task_id:'school'"
district,name:'华容区',school,name:'幼儿园',幼儿园,"name:'蓝天幼儿园',address:'葛店镇大湾社区68栋西南方向40米', task_id:'school'"
district,name:'华容区',school,name:'幼儿园',幼儿园,"name:'苗苗幼儿园',address:'湖北省鄂州市华容区', task_id:'school'"
district,name:'华容区',school,name:'幼儿园',幼儿园,"name:'恒兴幼儿园',address:'华容镇城东小区', task_id:'school'"
district,name:'华容区',school,name:'幼儿园',幼儿园,"name:'小精灵幼儿园',address:'湖北省鄂州市华容区', task_id:'school'"
district,name:'华容区',school,name:'幼儿园',幼儿园,"name:'艺萌幼儿园',address:'湖北省鄂州市华容区', task_id:'school'"
district,name:'华容区',school,name:'幼儿园',幼儿园,"name:'爱尚幼儿园',address:'建设局附近', task_id:'school'"
district,name:'华容区',school,name:'幼儿园',幼儿园,"name:'天才童星曹岭双语幼儿园',address:'湖北省鄂州市华容区', task_id:'school'"
district,name:'华容区',school,name:'幼儿园',幼儿园,"name:'辰希幼儿园',address:'华容镇正西方向180米', task_id:'school'"
district,name:'华容区',school,name:'幼儿园',幼儿园,"name:'华容区红莲湖新城双语幼儿园',address:'庙岭镇大雄村毛岭西街23号', task_id:'school'"
district,name:'华容区',school,name:'小学',小学,"name:'红莲湖第一小学',address:'民生路2', task_id:'school'"
district,name:'华容区',school,name:'小学',小学,"name:'华容实验小学',address:'南岭街116号东讲评讲评教育', task_id:'school'"
district,name:'华容区',school,name:'小学',小学,"name:'临江乡胡林小学',address:'湖北省鄂州市华容区', task_id:'school'"
district,name:'华容区',school,name:'小学',小学,"name:'大庙小学',address:'湖北省鄂州市华容区', task_id:'school'"
district,name:'华容区',school,name:'小学',小学,"name:'新港小学',address:'湖北省鄂州市华容区', task_id:'school'"
district,name:'华容区',school,name:'小学',小学,"name:'葛店开发区大湾小学',address:'湖北省鄂州市华容区', task_id:'school'"
district,name:'华容区',school,name:'小学',小学,"name:'牌坊学校',address:'华容镇牌坊村刘家老屋', task_id:'school'"
district,name:'华容区',school,name:'小学',小学,"name:'骆李小学',address:'段店镇骆李村', task_id:'school'"
district,name:'华容区',school,name:'小学',小学,"name:'红莲湖第二小学',address:'尹庄小区19栋正北方向140米', task_id:'school'"
district,name:'华容区',school,name:'小学',小学,"name:'胡铺小学',address:'湖北省鄂州市华容区', task_id:'school'"
district,name:'华容区',school,name:'小学',小学,"name:'新安小学',address:'湖北省鄂州市华容区', task_id:'school'"
district,name:'华容区',school,name:'小学',小学,"name:'郭垱小学',address:'湖北省鄂州市华容区', task_id:'school'"
district,name:'华容区',school,name:'小学',小学,"name:'临江乡临江小学',address:'临江大道136', task_id:'school'"
district,name:'华容区',school,name:'小学',小学,"name:'铁咀小学',address:'湖北省鄂州市华容区', task_id:'school'"
district,name:'华容区',school,name:'小学',小学,"name:'包王小学',address:'包王村李庄24号', task_id:'school'"
district,name:'华容区',school,name:'小学',小学,"name:'葛店开发区姚湖小学',address:'湖北省鄂州市华容区', task_id:'school'"
district,name:'华容区',school,name:'小学',小学,"name:'横山中心小学',address:'横山村', task_id:'school'"
district,name:'华容区',school,name:'小学',小学,"name:'马桥小学',address:'湖北省鄂州市华容区', task_id:'school'"
district,name:'华容区',school,name:'小学',小学,"name:'华容镇芦花小学',address:'湖北省鄂州市华容区', task_id:'school'"
district,name:'华容区',school,name:'小学',小学,"name:'孙彭小学',address:'三江大道197', task_id:'school'"
district,name:'华容区',school,name:'小学',小学,"name:'华容镇周汤小学',address:'周汤村', task_id:'school'"
district,name:'华容区',school,name:'小学',小学,"name:'中湾小学',address:'湖北省鄂州市华容区', task_id:'school'"
district,name:'华容区',school,name:'小学',小学,"name:'临江乡龙潭小学',address:'湖北省鄂州市华容区', task_id:'school'"
district,name:'华容区',school,name:'小学',小学,"name:'华容镇凉亭小学',address:'湖北省鄂州市华容区', task_id:'school'"
district,name:'华容区',school,name:'小学',小学,"name:'葛店二小',address:'葛店正街416', task_id:'school'"
district,name:'华容区',school,name:'小学',小学,"name:'王埠小学',address:'王埠小学1', task_id:'school'"
district,name:'华容区',school,name:'小学',小学,"name:'葛店镇张铁小学',address:'团结路16', task_id:'school'"
district,name:'华容区',school,name:'小学',小学,"name:'葛店开发区三王小学',address:'润阳路24正北方向140米', task_id:'school'"
district,name:'华容区',school,name:'小学',小学,"name:'太平小学',address:'湖北省鄂州市华容区', task_id:'school'"
district,name:'华容区',school,name:'小学',小学,"name:'邓平小学',address:'葛洪大道592', task_id:'school'"
district,name:'华容区',school,name:'小学',小学,"name:'黄矶小学',address:'湖北省鄂州市华容区', task_id:'school'"
district,name:'华容区',school,name:'小学',小学,"name:'白浒镇小学',address:'湖北省鄂州市华容区', task_id:'school'"
district,name:'华容区',school,name:'小学',小学,"name:'上倪小学',address:'湖北省鄂州市华容区', task_id:'school'"
district,name:'华容区',school,name:'小学',小学,"name:'华容镇华容小学',address:'湖北省鄂州市华容区', task_id:'school'"
district,name:'华容区',school,name:'小学',小学,"name:'段店小学',address:'立新街43', task_id:'school'"
district,name:'华容区',school,name:'小学',小学,"name:'临江中心小学',address:'湖北省鄂州市华容区', task_id:'school'"
district,name:'华容区',school,name:'小学',小学,"name:'吕宋小学',address:'华容镇丁桥村', task_id:'school'"
district,name:'华容区',school,name:'小学',小学,"name:'葛店实验小学',address:'湖北省鄂州市葛店开发区竹林陈', task_id:'school'"
district,name:'华容区',school,name:'中学',中学,"name:'葛店中学',address:'湖北省鄂州市华容区', task_id:'school'"
district,name:'华容区',school,name:'中学',中学,"name:'庙岭中学',address:'育才路30', task_id:'school'"
district,name:'华容区',school,name:'中学',中学,"name:'段店中学',address:'英才路33', task_id:'school'"
district,name:'华容区',school,name:'中学',中学,"name:'胡林中学',address:'临江乡龙潭村', task_id:'school'"
district,name:'华容区',school,name:'中学',中学,"name:'葛店开发区新华中学',address:'湖北省鄂州市华容区', task_id:'school'"
district,name:'华容区',school,name:'中学',中学,"name:'鄂州市葛店高中',address:'葛店镇葛洪大道', task_id:'school'"
district,name:'华容区',school,name:'中学',中学,"name:'葛店高级中学',address:'湖北省鄂州市华容区', task_id:'school'"
district,name:'华容区',school,name:'中学',中学,"name:'华容中学',address:'体育路62', task_id:'school'"
district,name:'华容区',school,name:'中学',中学,"name:'新葛店高中',address:'湖北省鄂州市华容区', task_id:'school'"
district,name:'华容区',school,name:'中学',中学,"name:'葛店陶塘学校',address:'湖北省鄂州市华容区', task_id:'school'"
district,name:'华容区',school,name:'中学',中学,"name:'鄂州市华容高级中学',address:'龙华路182', task_id:'school'"
district,name:'华容区',school,name:'中学',中学,"name:'蒲团中学',address:'湖北省鄂州市华容区', task_id:'school'"
district,name:'华容区',school,name:'中专',中专,"name:'湖北省网商学院',address:'湖北省鄂州市华容区', task_id:'school'"
district,name:'华容区',school,name:'中专',中专,"name:'鄂州市经贸学校',address:'樊蒲大道37号', task_id:'school'"
district,name:'华容区',school,name:'中专',中专,"name:'湖北省建工技术学校',address:'湖北省鄂州市华容区', task_id:'school'"
district,name:'华容区',school,name:'中专',中专,"name:'湖北宝业建工学校',address:'湖北省鄂州市华容区', task_id:'school'"
district,name:'华容区',school,name:'中专',中专,"name:'中部网商视觉设计学院',address:'湖北省鄂州市华容区', task_id:'school'"
district,name:'华容区',school,name:'大专院校',大专院校,"name:'湖北航空技术学校',address:'湖北省鄂州市华容区樊蒲大道37号', task_id:'school'"
district,name:'华容区',school,name:'大专院校',大专院校,"name:'湖北幼儿师范高等专科学校葛店校区',address:'湖北省鄂州市华容区', task_id:'school'"
district,name:'华容区',school,name:'驾校',驾校,"name:'新形驾校',address:'葛洪大道698正西方向80米', task_id:'school'"
district,name:'华容区',school,name:'驾校',驾校,"name:'合众驾校',address:'湖北省鄂州市华容区', task_id:'school'"
district,name:'华容区',school,name:'驾校',驾校,"name:'星光宝通驾校',address:'湖北省鄂州市华容区', task_id:'school'"
district,name:'华容区',school,name:'驾校',驾校,"name:'楚风星辰驾校',address:'湖北省鄂州市华容区', task_id:'school'"
district,name:'华容区',school,name:'驾校',驾校,"name:'宝通驾校',address:'湖北省鄂州市华容区', task_id:'school'"
district,name:'华容区',school,name:'驾校',驾校,"name:'鑫谨训驾校',address:'交通路91东南方向170米', task_id:'school'"
district,name:'华容区',school,name:'驾校',驾校,"name:'新形驾校',address:'湖北省鄂州市华容区', task_id:'school'"
district,name:'华容区',school,name:'驾校',驾校,"name:'武汉世纪宝通驾校葛店分校',address:'葛洪大道748西南方向110米', task_id:'school'"
district,name:'华容区',school,name:'驾校',驾校,"name:'鄂州安顺驾校',address:'湖北省鄂州市华容区', task_id:'school'"
district,name:'梁子湖区',school,name:'幼儿园',幼儿园,"name:'沼山镇新星幼儿园一分园',address:'王铺街21', task_id:'school'"
district,name:'梁子湖区',school,name:'幼儿园',幼儿园,"name:'太和镇中心幼儿园',address:'福成路10正西方向130米', task_id:'school'"
district,name:'梁子湖区',school,name:'幼儿园',幼儿园,"name:'太阳城堡幼儿园',address:'东沟镇大陇凤凰苑社区', task_id:'school'"
district,name:'梁子湖区',school,name:'幼儿园',幼儿园,"name:'珊珊幼儿园',address:'湖北省鄂州市梁子湖区', task_id:'school'"
district,name:'梁子湖区',school,name:'幼儿园',幼儿园,"name:'梧桐湖新区第一幼儿园',address:'湖北省鄂州市梁子湖区', task_id:'school'"
district,name:'梁子湖区',school,name:'幼儿园',幼儿园,"name:'青华乔国际幼儿园',address:'湖北省鄂州市梁子湖区', task_id:'school'"
district,name:'梁子湖区',school,name:'幼儿园',幼儿园,"name:'蓝天幼儿园',address:'东湖北路31号', task_id:'school'"
district,name:'梁子湖区',school,name:'幼儿园',幼儿园,"name:'小神童幼儿园',address:'湖北省鄂州市梁子湖区', task_id:'school'"
district,name:'梁子湖区',school,name:'幼儿园',幼儿园,"name:'谢埠幼儿园',address:'湖北省鄂州市梁子湖区', task_id:'school'"
district,name:'梁子湖区',school,name:'幼儿园',幼儿园,"name:'小太阳幼儿园',address:'太和镇子坛村', task_id:'school'"
district,name:'梁子湖区',school,name:'幼儿园',幼儿园,"name:'沼山镇第一双语艺术幼儿园',address:'湖北省鄂州市梁子湖区', task_id:'school'"
district,name:'梁子湖区',school,name:'幼儿园',幼儿园,"name:'沼山镇中心幼儿园',address:'马鞍街12', task_id:'school'"
district,name:'梁子湖区',school,name:'幼儿园',幼儿园,"name:'沼山镇第一幼儿园',address:'湖北省鄂州市梁子湖区', task_id:'school'"
district,name:'梁子湖区',school,name:'幼儿园',幼儿园,"name:'东方幼儿园',address:'东湖北路9', task_id:'school'"
district,name:'梁子湖区',school,name:'幼儿园',幼儿园,"name:'育才幼儿园',address:'湖北省鄂州市梁子湖区', task_id:'school'"
district,name:'梁子湖区',school,name:'幼儿园',幼儿园,"name:'新星双语幼儿园',address:'湖北省鄂州市梁子湖区', task_id:'school'"
district,name:'梁子湖区',school,name:'幼儿园',幼儿园,"name:'海贝兴星幼儿园',address:'湖北省鄂州市梁子湖区', task_id:'school'"
district,name:'梁子湖区',school,name:'幼儿园',幼儿园,"name:'新城幼儿园',address:'太和大道64', task_id:'school'"
district,name:'梁子湖区',school,name:'幼儿园',幼儿园,"name:'蒲公英幼儿园',address:'湖北省鄂州市梁子湖区', task_id:'school'"
district,name:'梁子湖区',school,name:'幼儿园',幼儿园,"name:'智艳幼儿园',address:'东沟镇珍珠大道', task_id:'school'"
district,name:'梁子湖区',school,name:'幼儿园',幼儿园,"name:'小博士幼儿园',address:'湖北省鄂州市梁子湖区', task_id:'school'"
district,name:'梁子湖区',school,name:'幼儿园',幼儿园,"name:'小天才双语幼儿园',address:'湖北省鄂州市梁子湖区', task_id:'school'"
district,name:'梁子湖区',school,name:'幼儿园',幼儿园,"name:'东方红幼儿园',address:'东中路1号正南方向130米', task_id:'school'"
district,name:'梁子湖区',school,name:'幼儿园',幼儿园,"name:'太和镇大拇指幼儿园',address:'湖北省鄂州市梁子湖区', task_id:'school'"
district,name:'梁子湖区',school,name:'小学',小学,"name:'东边朱小学',address:'湖北省鄂州市梁子湖区', task_id:'school'"
district,name:'梁子湖区',school,name:'小学',小学,"name:'梁子湖区莲花学校',address:'太和镇莲花黄村13组1号', task_id:'school'"
district,name:'梁子湖区',school,name:'小学',小学,"name:'太和镇希望小学',address:'湖北省鄂州市梁子湖区', task_id:'school'"
district,name:'梁子湖区',school,name:'小学',小学,"name:'香港联青社林植宣希望小学',address:'湖北省鄂州市梁子湖区', task_id:'school'"
district,name:'梁子湖区',school,name:'小学',小学,"name:'长岭中心小学',address:'西湖大道32', task_id:'school'"
district,name:'梁子湖区',school,name:'小学',小学,"name:'金坜小学',address:'湖北省鄂州市梁子湖区', task_id:'school'"
district,name:'梁子湖区',school,name:'小学',小学,"name:'湖瓢小学',address:'湖北省鄂州市梁子湖区', task_id:'school'"
district,name:'梁子湖区',school,name:'小学',小学,"name:'朝英小学',address:'湖北省鄂州市梁子湖区', task_id:'school'"
district,name:'梁子湖区',school,name:'小学',小学,"name:'畈雄小学',address:'湖北省鄂州市梁子湖区', task_id:'school'"
district,name:'梁子湖区',school,name:'小学',小学,"name:'永塘学校',address:'沼山镇永塘村', task_id:'school'"
district,name:'梁子湖区',school,name:'小学',小学,"name:'太和镇谢埠小学',address:'湖北省鄂州市梁子湖区', task_id:'school'"
district,name:'梁子湖区',school,name:'小学',小学,"name:'梁子湖区新云侨心小学',address:'东沟镇茅圻村村委会正西方向80米', task_id:'school'"
district,name:'梁子湖区',school,name:'小学',小学,"name:'刘斌小学',address:'湖北省鄂州市梁子湖区长岭镇刘斌村', task_id:'school'"
district,name:'梁子湖区',school,name:'小学',小学,"name:'宅俊小学',address:'湖北省鄂州市梁子湖区', task_id:'school'"
district,name:'梁子湖区',school,name:'小学',小学,"name:'莲花贺小学',address:'太和镇花贺村', task_id:'school'"
district,name:'梁子湖区',school,name:'小学',小学,"name:'胡进小学',address:'太和镇胡进村', task_id:'school'"
district,name:'梁子湖区',school,name:'小学',小学,"name:'上鲁小学',address:'湖北省鄂州市梁子湖区', task_id:'school'"
district,name:'梁子湖区',school,name:'小学',小学,"name:'梁子湖区梁子学校',address:'梁子岛', task_id:'school'"
district,name:'梁子湖区',school,name:'小学',小学,"name:'吴伯浩小学',address:'湖北省鄂州市梁子湖区', task_id:'school'"
district,name:'梁子湖区',school,name:'小学',小学,"name:'夏咀小学',address:'沼山镇夏咀村', task_id:'school'"
district,name:'梁子湖区',school,name:'小学',小学,"name:'湖北金海希望小学',address:'希望路60', task_id:'school'"
district,name:'梁子湖区',school,name:'小学',小学,"name:'茅圻小学',address:'东沟镇茅圻村村委会正西方向80米', task_id:'school'"
district,name:'梁子湖区',school,name:'小学',小学,"name:'余湾小学',address:'湖北省鄂州市梁子湖区', task_id:'school'"
district,name:'梁子湖区',school,name:'小学',小学,"name:'太和镇子坛小学',address:'太和大道210西北方向170米', task_id:'school'"
district,name:'梁子湖区',school,name:'小学',小学,"name:'朱山东小学',address:'沼山镇朱山东村', task_id:'school'"
district,name:'梁子湖区',school,name:'小学',小学,"name:'红书村小学',address:'湖北省鄂州市梁子湖区', task_id:'school'"
district,name:'梁子湖区',school,name:'小学',小学,"name:'花园坜小学',address:'湖北省鄂州市梁子湖区', task_id:'school'"
district,name:'梁子湖区',school,name:'小学',小学,"name:'丛林小学',address:'湖北省鄂州市梁子湖区', task_id:'school'"
district,name:'梁子湖区',school,name:'小学',小学,"name:'李铁铺学校',address:'沼山镇李铁铺街', task_id:'school'"
district,name:'梁子湖区',school,name:'小学',小学,"name:'鄂州市大桥小学',address:'大桥村村委会', task_id:'school'"
district,name:'梁子湖区',school,name:'小学',小学,"name:'斗山小学',address:'湖北省鄂州市梁子湖区', task_id:'school'"
district,name:'梁子湖区',school,name:'中学',中学,"name:'鄂州市太和中学',address:'文卫巷1', task_id:'school'"
district,name:'梁子湖区',school,name:'中学',中学,"name:'沼山中学',address:'沼山镇建设街128号', task_id:'school'"
district,name:'梁子湖区',school,name:'中学',中学,"name:'宅俊中学',address:'幸福路80', task_id:'school'"
district,name:'梁子湖区',school,name:'中学',中学,"name:'长岭中学',address:'东湖大道89', task_id:'school'"
district,name:'梁子湖区',school,name:'中学',中学,"name:'东沟中学',address:'东中路1号', task_id:'school'"
district,name:'梁子湖区',school,name:'中学',中学,"name:'梁子湖区高级中学',address:'竹林街328', task_id:'school'"
district,name:'梁子湖区',school,name:'中学',中学,"name:'海博实验学校',address:'湖北省鄂州市梁子湖区', task_id:'school'"
district,name:'梁子湖区',school,name:'中学',中学,"name:'华中师范大学附属梧桐湖学校',address:'湖北省鄂州市梁子湖区', task_id:'school'"
district,name:'梁子湖区',school,name:'中学',中学,"name:'涂家垴镇中学',address:'迎宾路1西南方向100米', task_id:'school'"
district,name:'梁子湖区',school,name:'驾校',驾校,"name:'吉安驾校太和分校',address:'太和镇区府路福音堂西400米正南方向70米', task_id:'school'"
